{"train_loss": [0.33460535481288967, 0.018828240432497752, 0.01757130690675584, 0.010144612395440067, 0.009326732386217224, 0.006819733316349743, 0.008098486554690552, 0.006911911825709318, 0.005781533326959816, 0.007704188038330902], "train_acc": [0.9526230754609389, 0.9967924348983083, 0.9966973959323323, 0.9978616232655388, 0.997980421973009, 0.9986219349933473, 0.998206139517202, 0.9986575746055882, 0.9987288538300704, 0.9982180193879491], "val_loss": [0.011497168089786833, 0.02393923815837665, 0.02840225189842148, 0.0109895196089181, 0.010755177661896298, 3.796965835428808e-05, 0.02010002238767952, 0.00019216413744567936, 8.684133865423109e-05, 0.000769944467269451], "val_acc": [0.9975291043003088, 0.9930149679258732, 0.9951532430506058, 0.9971489665003563, 0.9980993110002376, 1.0, 0.9940128296507484, 0.9999524827750059, 1.0, 0.9997148966500357]}