{"train_loss": [0.268457875995646, 0.020665470335543012, 0.012780916089877092, 0.010990010280052398, 0.007308397040607256, 0.008362158256896342, 0.005801746154748588, 0.005070959058465982, 0.005831343545019291, 0.005313273750368423], "train_acc": [0.9618339695941073, 0.9961151231332879, 0.9973652072735665, 0.9977210004519534, 0.9984229707768792, 0.9982306501399133, 0.9988076120508111, 0.998769147923418, 0.9988076120508111, 0.998769147923418], "val_loss": [0.028414920490514025, 0.011276837716032129, 0.04406577601137447, 0.009771731474804394, 0.008770634826693179, 0.012859901475299826, 0.017531924245858053, 0.0148244950714205, 0.010893115870082607, 0.009829908189985987], "val_acc": [0.9914148252715278, 0.9967157385266918, 0.9863443865057187, 0.9967733571490306, 0.9974935899282649, 0.9961683616144738, 0.9951312264123765, 0.9939500446544323, 0.996658119904353, 0.9962547895479819]}